account_id,customer_id,account_type,currency,status,daily_limit,opening_date
ACC-000001,CUS-000001,credit,RUB,active,424900.00,2026-07-19
ACC-000002,CUS-000002,debit,RUB,active,53600.00,2026-05-05
ACC-000003,CUS-000003,business,RUB,active,1797200.00,2024-11-23
ACC-000004,CUS-000004,debit,EUR,active,200300.00,2026-06-12
ACC-000005,CUS-000005,debit,RUB,active,191200.00,2026-05-14
ACC-000006,CUS-000006,debit,RUB,active,234400.00,2026-05-25
ACC-000007,CUS-000007,debit,RUB,active,111200.00,2026-09-30
ACC-000008,CUS-000008,debit,RUB,active,107900.00,2026-07-11
ACC-000009,CUS-000009,debit,RUB,active,147500.00,2024-07-31
ACC-000010,CUS-000010,debit,RUB,active,166800.00,2024-10-30
ACC-000011,CUS-000011,debit,RUB,active,145500.00,2025-08-13
ACC-000012,CUS-000012,savings,RUB,active,84700.00,2026-02-24
ACC-000013,CUS-000013,debit,RUB,active,245800.00,2026-01-18
ACC-000014,CUS-000014,debit,EUR,active,169700.00,2026-01-31
ACC-000015,CUS-000015,credit,USD,active,467300.00,2026-04-02
