transaction_id,account_id,transaction_time,amount,currency,channel,merchant_category,recipient_type,device_id,region,risk_score,fraud_label,review_status
TXN-00000001,ACC-000001,2026-09-01T19:15:05Z,13698.30,RUB,mobile_app,transport,self_transfer,DEV-000092,northwest,26,False,not_required
TXN-00000002,ACC-000002,2026-08-06T16:36:39Z,4137.70,RUB,branch,utilities,self_transfer,DEV-000071,volga,22,False,not_required
TXN-00000003,ACC-000003,2025-12-22T18:17:48Z,13831.93,RUB,web,travel,government,DEV-000099,ural,6,False,not_required
TXN-00000004,ACC-000004,2026-09-18T14:13:44Z,23693.14,EUR,atm,retail,government,DEV-000093,ural,36,False,pending
TXN-00000005,ACC-000005,2026-09-19T03:32:48Z,8719.85,RUB,branch,transport,self_transfer,DEV-000069,volga,18,False,not_required
TXN-00000006,ACC-000006,2026-09-07T12:34:03Z,8301.17,RUB,branch,government,government,DEV-000025,central,10,False,not_required
TXN-00000007,ACC-000007,2026-09-30T01:35:20Z,364488.70,RUB,atm,government,self_transfer,DEV-000050,siberia,73,True,confirmed_fraud
TXN-00000008,ACC-000008,2026-07-23T06:10:30Z,501411.15,RUB,api,entertainment,individual,DEV-000057,external_region_1,82,False,in_review
TXN-00000009,ACC-000009,2025-03-11T22:30:12Z,6881.07,RUB,branch,transport,individual,DEV-000061,siberia,29,False,not_required
TXN-00000010,ACC-000010,2026-04-21T00:56:58Z,23620.87,RUB,branch,travel,government,DEV-000087,far_east,34,False,pending
TXN-00000011,ACC-000011,2026-08-27T00:00:01Z,191745.13,RUB,api,retail,individual,DEV-000031,northwest,51,False,in_review
TXN-00000012,ACC-000012,2026-05-23T08:19:32Z,4346.32,RUB,mobile_app,financial_services,individual,DEV-000098,siberia,29,False,not_required
TXN-00000013,ACC-000013,2026-03-23T14:37:55Z,1552.58,RUB,atm,retail,individual,DEV-000042,volga,27,False,not_required
TXN-00000014,ACC-000014,2026-07-17T06:17:30Z,24715.48,EUR,web,utilities,self_transfer,DEV-000073,siberia,34,False,pending
TXN-00000015,ACC-000015,2026-04-17T08:01:09Z,2591.26,USD,api,financial_services,company,DEV-000064,far_east,5,False,not_required
TXN-00000016,ACC-000016,2026-09-10T17:42:07Z,17770.36,RUB,atm,government,government,DEV-000086,siberia,47,False,pending
TXN-00000017,ACC-000017,2026-06-13T16:55:17Z,7005.54,RUB,api,transport,individual,DEV-000057,volga,25,False,not_required
TXN-00000018,ACC-000018,2026-03-15T18:50:45Z,73847.76,RUB,atm,government,government,DEV-000026,siberia,69,False,in_review
TXN-00000019,ACC-000019,2026-06-28T13:45:12Z,108659.30,RUB,atm,retail,self_transfer,DEV-000036,external_region_2,100,True,confirmed_fraud
TXN-00000020,ACC-000020,2026-09-07T07:12:14Z,10302.70,RUB,mobile_app,government,government,DEV-000100,northwest,27,False,not_required
TXN-00000021,ACC-000021,2025-12-21T02:32:25Z,49106.26,RUB,web,telecom,company,DEV-000081,volga,39,False,pending
TXN-00000022,ACC-000022,2026-06-20T23:27:47Z,9712.79,RUB,branch,retail,government,DEV-000094,siberia,20,False,not_required
TXN-00000023,ACC-000023,2026-08-05T14:03:11Z,4461.90,RUB,branch,transport,company,DEV-000017,south,29,False,not_required
TXN-00000024,ACC-000024,2026-08-17T03:54:09Z,58431.93,RUB,api,telecom,company,DEV-000033,siberia,44,False,pending
TXN-00000025,ACC-000025,2026-06-04T14:55:03Z,194129.13,RUB,atm,travel,self_transfer,DEV-000010,far_east,52,False,in_review
TXN-00000026,ACC-000026,2026-09-25T03:46:25Z,12909.10,EUR,branch,other,government,DEV-000012,south,7,False,not_required
TXN-00000027,ACC-000027,2025-03-28T23:51:39Z,19545.22,RUB,branch,entertainment,government,DEV-000075,ural,30,False,pending
TXN-00000028,ACC-000028,2025-07-03T03:43:03Z,14107.36,EUR,web,government,individual,DEV-000080,northwest,20,False,not_required
TXN-00000029,ACC-000029,2026-09-29T09:41:57Z,79041.13,RUB,web,travel,self_transfer,DEV-000090,volga,53,False,in_review
TXN-00000030,ACC-000030,2025-10-06T05:19:32Z,1794.31,USD,mobile_app,telecom,self_transfer,DEV-000015,siberia,13,False,not_required
TXN-00000031,ACC-000031,2026-09-29T08:36:02Z,8086.32,RUB,branch,entertainment,self_transfer,DEV-000076,volga,28,False,not_required
TXN-00000032,ACC-000032,2026-09-30T08:18:52Z,53697.76,RUB,mobile_app,government,self_transfer,DEV-000036,siberia,32,False,pending
TXN-00000033,ACC-000033,2026-09-19T14:06:29Z,3298.18,RUB,web,entertainment,individual,DEV-000088,volga,11,False,not_required
TXN-00000034,ACC-000034,2026-08-27T19:46:14Z,14668.75,RUB,mobile_app,financial_services,government,DEV-000025,northwest,28,False,not_required
TXN-00000035,ACC-000035,2026-09-29T15:26:42Z,36501.22,RUB,api,retail,individual,DEV-000043,central,67,False,in_review
TXN-00000036,ACC-000036,2026-08-25T22:09:49Z,11815.32,RUB,mobile_app,other,company,DEV-000076,siberia,4,False,not_required
TXN-00000037,ACC-000037,2026-09-05T08:49:08Z,3533.33,RUB,web,retail,government,DEV-000019,ural,27,False,not_required
TXN-00000038,ACC-000038,2026-05-07T04:29:42Z,187859.81,RUB,mobile_app,entertainment,company,DEV-000076,external_region_1,78,True,confirmed_fraud
TXN-00000039,ACC-000039,2026-01-13T05:28:30Z,4017.24,RUB,branch,other,individual,DEV-000096,central,5,False,not_required
TXN-00000040,ACC-000040,2026-09-20T19:55:52Z,11681.35,RUB,api,travel,self_transfer,DEV-000065,south,14,False,not_required
TXN-00000041,ACC-000041,2026-09-24T23:21:19Z,698.31,RUB,api,telecom,self_transfer,DEV-000083,northwest,19,False,not_required
TXN-00000042,ACC-000042,2026-08-24T23:40:19Z,199745.62,RUB,branch,travel,self_transfer,DEV-000092,volga,60,False,in_review
TXN-00000043,ACC-000043,2025-09-09T04:35:58Z,54459.67,RUB,api,transport,individual,DEV-000017,far_east,46,False,pending
TXN-00000044,ACC-000044,2026-06-30T13:44:42Z,8801.20,RUB,atm,financial_services,government,DEV-000059,volga,20,False,not_required
TXN-00000045,ACC-000045,2024-10-28T17:39:56Z,1532.72,RUB,api,utilities,self_transfer,DEV-000058,volga,13,False,not_required
TXN-00000046,ACC-000046,2026-04-10T02:54:58Z,81007.69,RUB,branch,financial_services,individual,DEV-000041,south,51,False,in_review
TXN-00000047,ACC-000047,2026-04-05T06:41:52Z,3860.60,EUR,branch,travel,individual,DEV-000011,siberia,21,False,not_required
TXN-00000048,ACC-000048,2026-06-02T17:19:13Z,11181.61,RUB,web,other,individual,DEV-000076,siberia,3,False,not_required
TXN-00000049,ACC-000049,2026-08-12T20:49:10Z,79336.28,RUB,branch,entertainment,self_transfer,DEV-000093,ural,68,False,in_review
TXN-00000050,ACC-000050,2026-06-30T06:47:24Z,9026.13,USD,mobile_app,other,company,DEV-000020,far_east,9,False,not_required
